Time,Moisture (%),Humidity (%),Light (lux),Temp (°C),Health Score
15:00,53.8,39.0,72500,32.8,89
15:15,53.1,38.5,70100,33.1,89
15:30,52.4,38.2,67800,33.2,90
15:45,51.7,38.0,65000,33.0,90
16:00,51.0,38.0,61400,32.6,90
16:15,50.4,38.5,56200,32.1,91
16:30,49.8,39.1,49800,31.4,91
16:45,49.3,40.0,42500,30.6,91
17:00,48.8,41.2,34200,29.8,92
17:15,48.3,42.5,26000,28.9,92
17:30,47.9,43.8,18500,28.1,92
17:45,47.5,45.1,11200,27.3,92
18:00,47.1,46.5,5800,26.5,93
18:15,46.8,47.8,2400,25.8,93
18:30,46.5,49.0,850,25.2,93
18:45,46.2,50.2,120,24.7,93
19:00,45.9,51.5,0,24.2,93
19:15,45.6,52.6,0,23.8,93
19:30,45.4,53.8,0,23.4,93
19:45,45.2,54.9,0,23.0,93
20:00,45.0,56.0,0,22.6,93
20:15,44.8,57.0,0,22.3,93
20:30,44.6,58.0,0,22.0,94
20:45,44.4,58.9,0,21.7,94
21:00,44.2,59.8,0,21.4,94
21:15,44.0,60.6,0,21.2,94
21:30,43.9,61.4,0,21.0,94
21:45,43.8,62.1,0,20.8,94
22:00,43.6,62.8,0,20.6,94
22:15,43.5,63.4,0,20.4,94
22:30,43.4,64.0,0,20.2,94
22:45,43.3,64.5,0,20.0,94
23:00,43.2,65.0,0,19.8,94
23:15,43.1,65.5,0,19.6,94
23:30,43.0,66.0,0,19.4,94
23:45,42.9,66.4,0,19.3,94
00:00,42.8,66.8,0,19.1,94
